Location,Loc_code,Site,Site_code,Transect,Percent_Hard_coral,Percent_Reef_substrate,Percent_Soft_corals,Percent_Acropora,Percent_Poritdae,Percent_Montipora,Percent_Pocilloporidae,Percent_Favidae,Percent_Other_hard_corals,Percent_Other,Number_spp,Shannon_Weiner_H_prime,J_prime,C_aureofasciatus,C_baronessa,C_bennetti,C_lunulatus,C_melannotus,C_ornatissimus,C_plebius,C_rainfordi,C_reticulatus,C_trifascialis,C_unimaculatus,C_auriga,C_citrinellus,C_ephippium,C_flavirostris,C_kleinii,C_lineolatus,C_lunula,C_oxycephalus,C_pelewensis,C_quadrimaculatus,C_rafflesi,C_speculum,C_ulientensis,C_vagabundus,C_semion,Number_spp_present,Shannon ,Shannon_J_prime,Total_focal_spp,Total_other_spp,Total,Number_spp_OC_present,Number_spp_FC_present,Total_abundance,Total_OC_abundance,Total_FC_abundance,Coral_cov_by_corallivore_tot_abund,Coral_cov_by_OC_abun
HI,1,"1st Mooring, Sth Heron",1,1,16.5,82,0,15.5,0,0.5,0.5,0,0,1.5,6,0.397110177,0.063179756,0,0,0,1,0,0,2,1,0,0,0,0,0,0,0,0,0,0,0,0,0,0,0,0,0,0,3,1.407787232,0.299501178,1,3,4,3,0,4,4,0,4.1,4.1
HI,1,"1st Mooring, Sth Heron",1,2,9.5,85.5,0,5,0,3.5,0,0.5,0.5,5,8,0.417482917,0.066421034,1,0,0,2,1,0,0,2,0,0,0,0,0,0,0,0,1,0,0,0,0,0,0,1,0,0,6,2.125,0.452085364,2,6,8,4,2,8,6,2,1.2,1.6
HI,1,"1st Mooring, Sth Heron",1,3,13,86.5,0,9.5,0,2.5,0,1,0,0.5,7,0.479759184,0.076329114,0,0,0,0,0,0,0,0,0,0,0,0,0,0,0,0,0,0,0,0,0,0,0,1,0,0,1,0.389975,0.082965642,0,1,1,0,1,1,0,1,13,NA
HI,1,"1st Mooring, Sth Heron",1,4,22,69.5,6,15.5,0.5,4.5,0,1.5,0,2.5,10,0.893022923,0.142078882,0,0,0,2,7,0,1,1,0,0,0,0,0,0,0,0,0,0,0,0,0,0,0,0,0,0,4,1.5,0.31911908,2,9,11,4,0,11,11,0,2,2
HI,1,"1st Mooring, Sth Heron",1,5,25,70,4.5,13,3,5.5,1.5,1.5,0.5,0.5,16,1.051585889,0.167306061,3,0,0,2,1,0,0,6,0,0,0,0,0,0,0,0,0,0,0,0,0,0,0,0,0,0,4,1.057542476,0.224987988,2,10,12,4,0,12,12,0,2.1,2.1
HI,1,2nd Point,2,1,45,53,0,17.5,0,5.5,2.5,3.5,16,2,25,1.721330181,0.27386158,0,2,0,0,1,0,5,3,0,0,0,1,0,0,0,0,1,0,0,0,0,0,0,1,0,0,7,0.389975,0.082965642,1,13,14,4,3,14,11,3,3.2,4.1
HI,1,2nd Point,2,2,49.5,49,0,27,0.5,4.5,3.5,1,13,1.5,22,1.953544109,0.310806539,0,0,0,4,0,0,1,4,0,2,0,0,0,0,2,0,1,0,0,0,0,0,0,2,0,0,7,0,0,6,10,16,4,3,16,11,5,3.1,4.5
HI,1,2nd Point,2,3,50.5,47,0,30,0.5,0.5,3,1.5,15,2.5,25,2.088300378,0.332246101,0,0,0,0,0,0,0,2,0,1,0,0,0,0,0,0,0,0,0,0,0,0,0,0,0,0,2,1.405557621,0.299026837,1,2,3,2,0,3,3,0,16.8,16.8
HI,1,2nd Point,2,4,65,34.5,0,40.5,0.5,2,4.5,0.5,17,0.5,21,2.374896754,0.377843242,0,0,0,2,0,0,2,1,0,1,0,0,2,0,0,0,0,0,0,0,0,0,0,0,0,0,5,0,0,5,3,8,4,1,8,6,2,8.1,10.8
HI,1,2nd Point,2,5,47,50,1.5,18.5,0.5,5,2.5,1.5,19,1.5,20,1.488329463,0.236791443,0,0,0,0,0,0,1,2,0,2,0,0,0,0,0,0,0,0,0,0,0,0,0,0,0,0,3,0,0,2,3,5,3,0,5,5,0,9.4,9.4
HI,1,"4th Mooring, Sth Heron",3,1,34.5,65,0.5,21,0,0.5,3,0,10,0,13,1.397919615,0.222407344,1,0,0,1,0,0,4,0,0,0,0,0,0,0,1,0,0,1,0,0,0,0,0,0,0,0,5,0.5,0.106373027,1,7,8,3,2,8,6,2,4.3,5.8
HI,1,"4th Mooring, Sth Heron",3,2,53,46.5,0,21.5,0,0,2.5,2.5,26.5,0.5,13,1.560440361,0.248264201,5,0,0,1,0,0,3,3,0,1,0,2,0,0,0,0,0,1,0,0,0,0,0,0,0,0,7,1,0.212746054,4,12,16,5,2,16,13,3,3.3,4.1
HI,1,"4th Mooring, Sth Heron",3,3,44,54.5,0.5,23.5,0,2,3,0.5,15,1,14,1.546044341,0.245973812,0,0,0,0,0,0,7,6,0,1,0,0,0,0,1,0,2,0,0,0,0,0,0,0,0,0,5,0,0,1,16,17,3,2,17,14,3,2.6,3.1
HI,1,"4th Mooring, Sth Heron",3,4,27.5,71,0.5,19.5,0,0,1,0.5,6.5,1,12,0.909165303,0.144647116,2,0,0,2,0,0,2,2,0,0,0,1,0,0,0,0,0,0,0,0,0,0,0,0,0,0,5,0.862127283,0.183414177,3,6,9,4,1,9,8,1,3.1,3.4
HI,1,"4th Mooring, Sth Heron",3,5,31.5,66.5,0.5,22.5,0.5,0.5,1,2,5,1.5,13,1.023810096,0.162886966,1,0,0,0,0,0,3,1,0,0,0,2,0,0,1,0,1,1,0,0,0,0,0,0,0,0,7,1.430827083,0.304402815,2,8,10,3,4,10,5,5,3.2,6.3
HI,1,4th Point,4,1,65,35,0,59.5,0.5,3.5,0.5,0,1,0,9,0.958294541,0.152463519,2,0,0,4,0,0,2,1,0,0,0,0,0,0,0,0,0,0,0,0,0,0,0,0,0,0,4,2.315499119,0.492613299,4,5,9,4,0,9,9,0,7.2,7.2
HI,1,4th Point,4,2,47.5,49.5,2.5,38,2,0,0.5,2,5,0.5,12,1.139997919,0.18137231,0,2,0,5,0,0,0,0,0,1,0,0,0,0,0,0,0,0,0,0,0,0,0,0,0,0,3,1.459147917,0.310427961,6,2,8,3,0,8,8,0,5.9,5.9
HI,1,4th Point,4,3,41,59,0,32,1,3,0.5,1.5,3,0,15,1.426042211,0.226881616,0,1,0,3,1,0,0,0,0,2,0,0,0,0,1,0,1,0,0,0,0,0,0,0,0,0,6,2.004639615,0.426479167,5,4,9,4,2,9,7,2,4.6,5.9
HI,1,4th Point,4,4,34,63.5,1.5,28,2.5,2,0,0.5,1,1,8,1.02727332,0.163437961,0,2,0,3,2,0,0,3,0,1,0,1,0,0,0,0,0,0,0,0,0,0,0,0,0,0,6,1,0.212746054,5,7,12,5,1,12,11,1,2.8,3.1
HI,1,4th Point,4,5,34,65.5,0,28.5,1,2.5,1,1,0,0.5,13,1.143515987,0.18193203,0,0,0,1,0,0,1,2,0,1,0,0,0,0,0,0,0,0,0,0,0,0,0,0,0,0,4,2.223308334,0.473000074,2,3,5,4,0,5,5,0,6.8,6.8
HI,1,Blue Pools,5,1,43.5,53,0,19,0.5,5,3,1.5,14.5,3.5,19,1.468774671,0.233680299,2,0,0,2,0,0,1,3,0,0,0,0,2,0,0,0,0,0,0,0,0,0,0,0,1,0,6,1.852727006,0.394160359,5,6,11,4,2,11,8,3,4,5.4
HI,1,Blue Pools,5,2,39,58.5,0,16.5,0.5,5,2.5,1,13.5,2.5,16,1.470884245,0.23401593,6,0,0,4,0,0,0,2,0,0,0,0,4,0,0,0,0,0,0,0,0,0,0,0,0,0,4,1.905639062,0.40541719,8,8,16,3,1,16,12,4,2.4,3.3
HI,1,Blue Pools,5,3,35,61.5,1,10,0,6.5,4,5,9.5,2.5,21,1.415613199,0.225222372,3,0,0,3,0,0,3,5,0,0,0,0,2,0,0,0,1,0,0,0,0,0,0,0,0,0,6,2.207358969,0.46960691,5,12,17,4,2,17,14,3,2.1,2.5
HI,1,Blue Pools,5,4,38,61,0,26.5,1,3,6,0.5,1,1,17,1.632918383,0.259795368,1,1,0,3,0,0,0,1,0,0,0,0,4,0,0,0,0,1,0,0,0,0,0,0,0,0,6,1.041921257,0.221664636,7,4,11,4,2,11,6,5,3.5,6.3
HI,1,Blue Pools,5,5,47.5,51.5,0,22,0,4.5,5,6.5,9.5,1,27,2.090673958,0.332623734,1,0,0,0,0,0,2,1,0,0,0,0,0,0,0,0,0,0,0,0,0,0,0,0,0,0,3,0.5,0.106373027,0,4,4,3,0,4,4,0,11.9,11.9
HI,1,End Heron,6,1,40,58,1,28,0.5,3,2,0.5,6,1,16,1.530353321,0.243477389,0,0,0,0,0,0,3,3,0,5,0,0,0,0,0,0,0,0,0,0,0,0,0,0,0,0,3,0.5,0.106373027,5,6,11,3,0,11,11,0,3.6,3.6
HI,1,End Heron,6,2,45,54.5,0.5,31.5,2,0.5,2.5,0.5,8,0,16,1.720151104,0.27367399,0,0,0,0,0,0,5,12,0,6,0,0,0,0,0,0,1,0,0,0,0,0,0,0,0,0,4,1.805036533,0.384014399,6,18,24,3,1,24,23,1,1.9,2
HI,1,End Heron,6,3,38,61,0.5,20.5,0.5,1,4,0,12,0.5,14,1.4824694,0.235859114,0,0,0,0,1,0,9,3,0,8,0,0,0,0,0,0,0,0,0,0,0,0,0,0,0,0,4,1.420628421,0.30223309,8,13,21,4,0,21,21,0,1.8,1.8
HI,1,End Heron,6,4,29.5,65,4,19.5,0,0,5.5,1,3.5,1.5,14,1.402399655,0.223120113,0,2,0,0,1,0,4,7,0,7,0,0,0,0,1,0,1,0,0,0,0,0,0,0,0,0,7,1.928822224,0.410349316,7,16,23,5,2,23,21,2,1.3,1.4
HI,1,End Heron,6,5,28,71,0,20,1.5,1.5,1.5,1.5,2,1,17,1.114616493,0.177334155,0,0,0,1,3,0,7,7,0,5,0,0,0,0,2,1,0,0,0,0,0,0,0,0,1,0,8,0.985475297,0.20965598,7,20,27,5,3,27,23,4,1,1.2
HI,1,North Wistari,7,1,54,45,0,37.5,0.5,2.5,1.5,3.5,8.5,1,23,2.275632115,0.362050357,7,2,0,0,1,0,8,5,0,3,0,0,0,0,2,0,1,0,0,0,0,0,0,0,0,0,8,0.5,0.106373027,3,26,29,6,2,29,26,3,1.9,2.1
HI,1,North Wistari,7,2,44.5,55.5,0,22.5,0.5,3.5,2,8.5,7.5,0,23,2.07837938,0.330667682,1,0,0,0,0,0,4,3,0,1,0,0,0,0,2,0,0,0,0,0,0,0,0,0,1,0,6,0.311278124,0.066223193,2,10,12,4,2,12,9,3,3.7,4.9
HI,1,North Wistari,7,3,48.5,51.5,0,44,0,0.5,1.5,1,1.5,0,18,2.020464837,0.321453547,3,2,0,2,0,0,1,8,0,5,0,0,0,0,1,0,0,0,0,0,0,0,0,0,1,0,8,0.97773279,0.208008793,8,15,23,6,2,23,21,2,2.1,2.3
HI,1,North Wistari,7,4,41.5,58.5,0,28,0,3.5,2,3.5,4.5,0,22,1.671973447,0.266008982,1,0,0,1,0,0,2,1,0,1,0,0,0,2,0,0,0,0,0,0,0,0,0,0,0,0,6,1.047749463,0.222904563,2,6,8,5,1,8,6,2,5.2,6.9
HI,1,North Wistari,7,5,43.5,55.5,0,34,0,1,2,3,3.5,1,18,1.772179213,0.2819516,3,0,0,0,1,0,2,2,0,2,0,0,0,0,0,0,0,0,0,0,0,0,0,0,2,0,6,0.219195338,0.046632943,4,8,12,5,1,12,10,2,3.6,4.4
HI,1,South Wistari,8,1,28.5,69.5,0,16.5,1,1,0.5,3,6.5,2,16,1.231170214,0.195877713,0,0,0,0,0,0,0,4,0,0,0,0,0,0,1,0,0,0,0,0,0,0,0,0,1,0,3,1.484377779,0.315795514,1,5,6,1,2,6,4,2,4.8,7.1
HI,1,South Wistari,8,2,36,61.5,0,17,5.5,0.5,1,5.5,6.5,2,16,1.55200015,0.246921374,0,0,0,0,0,0,1,1,0,0,0,0,0,0,0,0,0,0,0,0,0,0,0,0,1,0,3,0.923794941,0.196533728,1,2,3,2,1,3,2,1,12,18
HI,1,South Wistari,8,3,33,61.5,0.5,21.5,0.5,2.5,0.5,3,5,5,18,1.329291128,0.211488634,2,0,0,1,0,0,0,3,0,0,0,1,0,0,1,0,1,0,0,0,0,0,0,0,2,0,7,1.010526389,0.214985501,4,7,11,3,4,11,6,5,3,5.5
HI,1,South Wistari,8,4,31.5,64,1.5,8,1,0.5,2,6.5,13.5,3,16,1.257217686,0.200021835,0,0,0,0,0,0,0,8,0,0,0,0,0,0,0,0,0,0,0,0,0,0,0,0,0,0,1,1.861654167,0.396059577,0,8,8,1,0,8,8,0,3.9,3.9
HI,1,South Wistari,8,5,30,64.5,1.5,7,2.5,1,1.5,9,9,4,17,1.426034233,0.226880346,0,0,0,0,0,0,0,6,0,0,0,0,0,0,0,0,0,0,0,0,0,0,0,0,0,0,1,0.528771238,0.112493994,0,6,6,1,0,6,6,0,5,5
HI,1,Wistari Channel,9,1,28,64.5,0,25,0,0,2.5,0.5,0,7.5,9,0.724987531,0.115344652,2,0,0,0,0,0,0,1,0,0,0,1,0,0,0,0,0,0,0,0,0,0,0,0,0,0,3,1.539484757,0.327519307,1,3,4,2,1,4,3,1,7,9.3
HI,1,Wistari Channel,9,2,24,72,0,15,0.5,0,2,0.5,6,4,12,0.972640462,0.154745938,0,0,0,0,0,0,0,3,0,0,0,1,0,0,0,0,0,0,0,0,0,0,0,0,0,0,2,1.471465501,0.313048478,1,3,4,1,1,4,3,1,6,8
HI,1,Wistari Channel,9,3,39,53.5,2,32.5,0,1.5,0,0,5,5.5,9,1.249934151,0.198863033,4,0,0,0,0,0,2,1,0,0,0,0,0,0,0,0,0,0,0,0,0,0,0,0,0,0,3,1.455339807,0.3096178,0,7,7,3,0,7,7,0,5.6,5.6
HI,1,Wistari Channel,9,4,39,54.5,1.5,30.5,0.5,2.5,4.5,0,1,5,15,1.735576495,0.276128151,5,0,0,0,0,0,4,1,0,0,0,1,0,0,0,0,0,0,0,0,0,0,0,0,0,0,4,1.789924792,0.380799436,1,10,11,3,1,11,10,1,3.5,3.9
HI,1,Wistari Channel,9,5,33,63,0.5,29.5,1,0,1.5,0.5,0.5,3.5,14,1.330028404,0.211605933,0,0,0,0,0,0,1,5,0,0,0,0,0,0,0,0,0,0,0,0,0,0,0,0,0,0,2,2.090733451,0.444795291,0,6,6,2,0,6,6,0,5.5,5.5
LI,2,Back of South Island,1,1,54,42,4,28,2,0,6,8,10,0,15,1.83532185,0.27506068,3,4,0,2,1,0,4,1,0,3,0,0,4,0,0,0,0,1,0,0,0,0,0,0,1,0,10,2.223308334,0.473000074,10,14,24,7,3,24,18,6,2.3,3
LI,2,Back of South Island,1,2,58,42,0,40,0,0,4,2,12,0,11,1.510880597,0.226436493,0,0,0,0,0,0,1,0,0,6,0,0,2,0,0,0,0,0,0,0,0,0,0,0,2,0,4,1.418474953,0.301774948,10,1,11,2,2,11,7,4,5.3,8.3
LI,2,Back of South Island,1,3,52,26,18,26,2,2,2,6,14,4,12,1.361440163,0.204039775,0,2,0,0,1,0,4,1,0,1,1,0,5,0,0,0,0,0,0,0,0,0,0,0,0,0,7,0.528771238,0.112493994,6,9,15,6,1,15,10,5,3.5,5.2
LI,2,Back of South Island,1,4,62,34,4,44,2,0,4,4,8,0,13,1.849344285,0.27716223,1,2,0,3,0,0,2,1,0,0,0,0,1,0,0,0,0,1,0,0,0,0,0,0,4,0,8,1.489090642,0.316798158,8,7,15,5,3,15,9,6,4.1,6.9
LI,2,Back of South Island,1,5,34,54,10,14,2,0,10,2,6,2,9,0.947234926,0.141962611,0,4,0,2,0,0,4,3,0,2,0,0,1,0,0,0,0,1,0,0,0,0,0,0,4,0,8,1.916776471,0.40778663,9,12,21,5,3,21,15,6,1.6,2.3
LI,2,Bird Islet,2,1,40,54,6,20,0,2,12,4,2,0,13,0.889455552,0.133303185,0,0,0,1,1,0,0,0,0,2,0,0,6,0,0,0,0,0,0,0,0,0,0,0,2,0,5,1.036824992,0.220580425,11,1,12,3,2,12,4,8,3.3,10
LI,2,Bird Islet,2,2,38,50,10,16,0,6,6,10,0,2,12,1.172304859,0.175693964,0,1,0,0,0,0,0,0,0,0,0,0,1,0,0,0,0,0,0,0,0,0,0,0,5,0,3,2.339845537,0.497792904,6,1,7,1,2,7,1,6,5.4,38
LI,2,Bird Islet,2,3,32,42,16,16,0,4,8,0,4,10,10,1.114525486,0.167034538,0,1,0,0,0,0,0,0,0,1,0,0,3,0,0,0,0,0,0,0,0,0,0,0,0,0,3,1.366439416,0.290704593,4,1,5,2,1,5,2,3,6.4,16
LI,2,Bird Islet,2,4,38,42,16,24,0,0,12,0,2,4,9,1.335838481,0.200202837,0,0,0,6,0,0,0,0,0,0,0,1,7,0,0,0,0,0,0,0,0,0,0,0,2,0,4,0,0,16,0,16,1,3,16,6,10,2.4,6.3
LI,2,Bird Islet,2,5,30,56,6,10,4,2,8,4,2,8,11,0.615042117,0.092176695,0,2,0,2,0,0,2,4,0,1,0,0,4,0,0,0,0,0,0,0,0,0,0,0,4,0,7,1.042179356,0.221719545,11,8,19,5,2,19,11,8,1.6,2.7
LI,2,Corner Beach,3,1,38,28,34,28,2,0,4,2,2,0,12,1.034525486,0.155044895,0,2,0,1,3,0,2,0,0,0,2,0,2,0,0,0,0,0,0,0,0,0,0,0,0,0,6,1.776553571,0.377954761,3,9,12,5,1,12,10,2,3.2,3.8
LI,2,Corner Beach,3,2,10,24,66,8,0,0,0,0,2,0,2,0.291508495,0.043688536,0,3,0,6,1,0,1,0,0,2,0,0,0,0,0,0,0,0,0,0,0,0,0,0,0,0,5,2.330531134,0.495811301,8,5,13,5,0,13,13,0,0.8,0.8
LI,2,Corner Beach,3,3,22,26,46,18,0,0,2,2,0,6,5,0.703701305,0.105464096,0,1,0,1,0,0,0,2,0,1,0,0,0,0,0,0,0,0,0,0,0,0,0,0,0,0,4,2.10013542,0.446795523,2,3,5,4,0,5,5,0,4.4,4.4
LI,2,Corner Beach,3,4,38,28,34,16,0,0,22,0,0,0,4,0.998520463,0.149648803,0,1,0,0,1,0,3,0,0,0,0,0,4,0,0,0,0,0,0,0,0,0,0,0,2,0,5,0.219195338,0.046632943,6,5,11,3,2,11,5,6,3.5,7.6
LI,2,Corner Beach,3,5,36,24,38,32,0,0,4,0,0,2,8,1.198059107,0.179553767,0,3,0,2,0,0,0,0,0,0,1,2,3,0,0,0,0,0,0,0,0,0,0,0,0,0,5,0.977871792,0.208038365,7,4,11,3,2,11,6,5,3.3,6
LI,2,Lizard Head,4,1,34,48,14,22,0,2,6,4,0,4,13,0.477262743,0.071527626,0,0,0,4,0,0,0,1,0,0,0,2,6,0,0,0,0,0,0,0,0,0,0,0,1,0,5,1.361654167,0.28968655,13,1,14,2,3,14,5,9,2.4,6.8
LI,2,Lizard Head,4,2,32,52,16,16,2,2,6,4,2,0,13,0.557262743,0.083517269,0,0,0,0,0,0,1,0,0,0,0,0,4,0,0,0,0,0,0,0,0,0,0,0,0,0,2,0.346733448,0.073766173,4,1,5,1,1,5,1,4,6.4,32
LI,2,Lizard Head,4,3,42,48,10,14,2,4,4,14,4,0,15,0.986550612,0.147854875,0,0,0,2,2,0,2,0,0,4,2,0,1,0,0,0,0,0,0,0,0,0,0,0,6,0,7,0.442179356,0.094071913,13,6,19,5,2,19,12,7,2.2,3.5
LI,2,Lizard Head,4,4,32,44,10,4,6,6,8,8,0,14,9,0.916355112,0.137334637,0,1,0,3,0,0,1,0,0,0,0,1,13,0,0,0,0,0,0,0,0,0,0,0,0,0,5,1.427421284,0.303678245,17,2,19,3,2,19,5,14,1.7,6.4
LI,2,Lizard Head,4,5,50,34,14,24,2,6,8,8,2,2,14,1.383813354,0.207392857,0,0,0,1,0,0,2,0,0,1,0,0,8,0,0,0,0,0,0,0,0,0,0,0,0,0,4,2.445405013,0.520250266,10,2,12,3,1,12,4,8,4.2,12.5
LI,2,Osprey Islet,5,1,40,36,22,26,6,6,2,0,0,2,12,1.230084233,0.18435339,2,3,0,3,2,0,0,0,0,0,0,0,1,0,0,0,0,0,0,0,0,0,0,0,0,0,5,1.44132029,0.306635204,4,7,11,4,1,11,10,1,3.6,4
LI,2,Osprey Islet,5,2,40,34,20,26,4,4,2,4,0,6,11,0.9952098,0.149152632,0,0,0,2,2,0,2,0,0,0,0,0,2,1,0,0,0,0,0,0,0,0,0,0,0,0,5,0.257542476,0.054791145,4,5,9,3,2,9,6,3,4.4,6.7
LI,2,Osprey Islet,5,3,24,52,22,6,12,2,2,0,2,2,7,0.367067243,0.055012566,1,2,0,7,0,0,1,0,0,0,0,2,1,0,0,0,0,0,0,0,0,0,0,0,0,0,6,2.36594317,0.503345072,10,4,14,4,2,14,11,3,1.7,2.2
LI,2,Osprey Islet,5,4,28,24,36,4,6,6,4,2,6,12,9,0.67282149,0.100836121,0,0,0,1,3,0,2,1,0,0,1,0,1,0,0,0,0,0,0,0,0,0,0,0,3,0,7,0.795065072,0.169146956,5,7,12,5,2,12,8,4,2.3,3.5
LI,2,Osprey Islet,5,5,26,34,34,12,8,4,2,0,0,6,7,0.720796364,0.108026141,1,0,0,3,1,0,0,0,0,0,0,0,0,0,0,0,0,0,0,0,0,0,0,0,0,0,3,0.820802084,0.174622404,3,2,5,3,0,5,5,0,5.2,5.2
LI,2,Palfreys,6,1,55,31.5,13,34.5,1,1,5.5,1.5,11.5,0.5,17,1.724105169,0.30548354,0,7,0,2,0,0,0,3,0,4,0,0,8,0,0,0,0,0,0,0,0,0,0,0,0,0,5,2.341228125,0.498087044,14,10,24,4,1,24,16,8,2.3,3.4
LI,2,Palfreys,6,2,47,41.5,10,37.5,1,0.5,3,1.5,3.5,1,22,1.774026567,0.314328804,0,5,0,2,0,0,0,3,0,3,0,0,3,0,0,0,0,0,0,0,0,0,0,0,0,0,5,1.371321926,0.291743328,8,8,16,4,1,16,13,3,2.9,3.6
LI,2,Palfreys,6,3,59,33.5,6.5,52,0,1,1.5,2,2.5,1,20,1.772602879,0.31407655,1,4,0,2,0,0,0,1,0,3,0,0,4,0,0,0,0,0,0,0,0,0,0,0,0,0,6,1.424410405,0.303037692,9,6,15,5,1,15,11,4,3.9,5.4
LI,2,Palfreys,6,4,52.5,37.5,9.5,40,0.5,0,5,0.5,6.5,0.5,17,1.490038658,0.264010742,1,6,0,0,0,0,1,3,0,3,0,0,4,0,0,1,0,0,0,0,0,0,0,0,0,0,7,1.748060603,0.371892995,7,12,19,5,2,19,14,5,2.8,3.8
LI,2,Palfreys,6,5,61,34.5,1,49,0.5,0,4,1,6.5,3.5,20,1.502480308,0.266215201,0,8,0,0,0,0,0,0,0,4,0,0,5,0,0,0,0,0,0,0,0,0,0,1,0,0,4,2.41424493,0.513621081,9,9,18,2,2,18,12,6,3.4,5.1
LI,2,South Island,7,1,44,42,10,22,4,6,6,4,2,4,12,1.318743421,0.197640791,0,2,0,2,0,0,1,0,0,2,0,0,5,0,0,0,0,0,0,0,0,0,0,0,1,0,6,1.361101307,0.289568932,10,3,13,4,2,13,7,6,3.4,6.3
LI,2,South Island,7,2,36,50,6,22,4,0,6,2,2,8,13,0.928771238,0.139195448,0,2,0,6,0,0,1,0,0,2,0,0,7,2,0,0,0,0,0,0,0,0,0,0,3,0,7,0.923794941,0.196533728,18,5,23,4,3,23,11,12,1.6,3.3
LI,2,South Island,7,3,40,44,12,16,8,0,4,10,2,4,15,0.66301699,0.099366715,0,2,0,2,0,0,1,1,0,2,0,4,5,0,0,0,0,0,0,0,0,0,0,0,0,0,7,1.846393983,0.392813033,13,4,17,5,2,17,8,9,2.4,5
LI,2,South Island,7,4,54,36,6,42,4,0,6,0,2,4,11,1.803366721,0.270271547,0,0,0,0,0,0,0,0,0,0,0,0,5,0,0,0,0,0,0,0,0,0,0,0,1,0,2,1,0.212746054,6,0,6,0,2,6,0,6,9,NA
LI,2,South Island,7,5,60,32,6,42,4,4,4,2,4,2,13,1.773632972,0.265815334,0,1,0,1,1,0,1,1,0,2,0,0,4,0,0,0,0,0,0,0,0,0,0,0,0,0,7,0.523882466,0.111453927,7,4,11,6,1,11,7,4,5.5,8.6
LI,2,Vickies,8,1,26,26,46,24,0,2,0,0,0,2,6,0.906550612,0.135865231,0,4,0,1,1,0,1,1,0,0,0,1,5,0,0,1,0,0,0,0,0,0,0,0,0,0,8,1.916776471,0.40778663,7,8,15,5,3,15,8,7,1.7,3.3
LI,2,Vickies,8,2,36,40,24,34,0,0,0,0,2,0,5,0.796578428,0.119383641,4,3,0,2,2,0,2,1,0,1,0,0,3,0,0,0,0,0,0,0,0,0,0,0,1,0,9,1.928822224,0.410349316,7,12,19,7,2,19,15,4,1.9,2.4
LI,2,Vickies,8,3,36,38,26,34,0,0,2,0,0,0,5,1.206718295,0.180851524,0,1,0,10,0,0,3,0,0,0,0,1,4,1,0,1,0,0,0,0,0,0,0,0,0,0,7,1.302101406,0.277016936,15,6,21,3,4,21,14,7,1.7,2.6
LI,2,Vickies,8,4,18,16,66,8,6,2,0,0,2,0,6,0.429287869,0.064337605,1,0,0,0,0,0,0,0,0,0,0,0,0,0,0,0,0,0,0,0,0,0,0,0,0,0,1,1.430827083,0.304402815,0,1,1,1,0,1,1,0,18,18
LI,2,Vickies,8,5,42,28,24,14,14,4,2,4,4,6,14,0.738575738,0.110690746,1,3,0,3,0,0,1,1,0,0,0,0,1,0,0,0,0,0,0,0,0,0,0,0,0,0,6,0.442179356,0.094071913,4,6,10,5,1,10,9,1,4.2,4.7
LI,2,Watsons Bay,9,1,28,64,8,12,4,4,2,4,2,0,10,0.615042117,0.092176695,1,1,0,5,0,0,1,0,0,0,0,0,2,0,0,0,0,0,0,0,0,0,1,0,2,0,7,2.151363669,0.45769413,9,4,13,4,3,13,8,5,2.2,3.5
LI,2,Watsons Bay,9,2,34,62,0,6,0,14,4,4,6,4,10,0.582864425,0.087354207,0,0,0,2,0,0,0,0,0,0,0,0,0,1,0,0,0,0,0,0,0,0,0,0,5,0,3,2.257856064,0.480349967,7,1,8,1,2,8,2,6,4.3,17
LI,2,Watsons Bay,9,3,34,64,2,12,2,8,4,6,2,0,12,0.66301699,0.099366715,2,9,0,8,0,0,0,0,0,0,0,0,0,0,0,0,0,0,0,0,0,0,0,0,8,0,4,1.868979349,0.397617981,16,11,27,3,1,27,19,8,1.3,1.8
LI,2,Watsons Bay,9,4,42,54,4,12,20,2,2,4,2,0,12,0.464385619,0.069597724,1,4,0,0,0,0,2,0,0,0,0,0,1,0,0,0,0,0,0,0,0,0,0,0,0,0,4,1.839331063,0.391310425,1,7,8,3,1,8,7,1,5.3,6
LI,2,Watsons Bay,9,5,46,50,0,4,38,0,0,0,4,4,5,0.530452897,0.079499263,3,0,0,1,0,0,1,0,0,0,0,0,1,0,0,0,0,0,0,0,0,0,0,0,1,0,5,1.515504697,0.322417643,3,4,7,3,2,7,5,2,6.6,9.2
PNG,3,Christines,1,1,71.5,26.5,0,47,3.5,3.5,2.5,2.5,12.5,2,24,1.621115054,0.233902249,0,6,0,2,0,0,0,0,0,1,0,0,2,0,0,0,0,0,1,0,0,2,0,0,0,1,7,0.781301471,0.166218805,5,10,15,3,3,15,9,5,4.8,7.9
PNG,3,Christines,1,2,60.5,36.5,1.5,18.5,13.5,3,5.5,6.5,13.5,1.5,24,2.414292958,0.348345759,0,8,0,0,0,0,0,0,0,0,0,0,0,0,0,0,0,0,0,0,0,2,0,0,1,1,4,1.378783493,0.293330747,1,11,12,1,2,12,8,3,5,7.6
PNG,3,Christines,1,3,62.5,37.5,0,24.5,8.5,13,6.5,2.5,7.5,0,25,2.387957542,0.344545959,0,6,0,2,0,0,0,0,0,1,0,0,2,0,0,0,0,0,0,0,0,0,0,0,0,0,4,0.618392729,0.131560613,5,6,11,3,1,11,9,2,5.7,6.9
PNG,3,Christines,1,4,62,37.5,0.5,26,14,5,5.5,2.5,9,0,23,2.173196454,0.3135592,0,8,0,0,0,0,0,0,0,1,0,0,3,0,0,0,0,0,0,0,0,2,0,0,3,0,5,1.418540761,0.301788949,7,10,17,2,3,17,9,8,3.6,6.9
PNG,3,Christines,1,5,53.5,46.5,0,20,17,4.5,3,3.5,5.5,0,25,2.269940512,0.327517896,0,9,0,2,0,2,0,0,0,2,0,0,0,0,0,0,0,0,0,0,0,0,0,0,3,0,5,0.945660305,0.201185498,7,11,18,4,1,18,15,3,3,3.6
PNG,3,Gavagava,2,1,54.5,43.5,0,0,34.5,15,1,3,1,2,12,1.70314782,0.24573833,0,2,0,0,0,0,0,0,0,0,0,0,0,0,0,0,0,0,0,0,0,0,0,0,2,0,2,1,0.212746054,2,2,4,1,1,4,2,2,13.6,27.3
PNG,3,Gavagava,2,2,28,70,1,1,16.5,5.5,1.5,3.5,0,1,11,1.037398288,0.149680797,0,0,0,2,0,0,0,0,0,0,0,0,0,0,0,0,0,0,0,0,0,1,0,0,0,0,2,0.389975,0.082965642,2,1,3,1,1,3,2,1,9.3,14
PNG,3,Gavagava,2,3,27,71.5,1,1.5,19.5,0.5,2,2,1.5,0.5,12,0.879298642,0.126869422,0,2,0,2,0,0,0,0,0,0,0,0,0,0,0,0,0,0,0,0,0,0,0,0,2,0,3,1.584962501,0.337194517,4,2,6,2,1,6,4,2,4.5,6.8
PNG,3,Gavagava,2,4,65,35,0,4.5,43.5,9.5,4.5,1.5,1.5,0,16,1.871766543,0.270067448,0,7,0,2,0,0,0,0,0,0,0,0,0,0,0,0,0,0,0,0,0,0,0,0,1,0,3,0.82458684,0.175427596,3,7,10,2,1,10,9,1,6.5,7.2
PNG,3,Gavagava,2,5,39.5,60.5,0,0,32.5,2,1,4,0,0,10,1.076254288,0.155287127,0,4,0,0,0,0,0,0,0,0,0,0,0,0,0,0,0,0,0,0,0,0,0,0,0,0,1,0,0,0,4,4,1,0,4,4,0,9.9,9.9
PNG,3,Hanging Gardens,3,1,31,69,0,9,13,2.5,4.5,2,0,0,15,1.182320418,0.170590856,0,2,0,0,0,0,0,0,0,0,0,0,0,0,0,0,0,0,0,0,0,0,0,0,0,0,1,0,0,0,2,2,1,0,2,2,0,15.5,15.5
PNG,3,Hanging Gardens,3,2,39.5,60.5,0,9.5,8,10.5,3,7,1.5,0,24,1.657779765,0.23919241,0,4,0,2,0,0,0,0,0,0,0,0,0,0,0,0,0,0,0,0,0,0,0,0,1,0,3,0,0,3,4,7,2,1,7,6,1,5.6,6.6
PNG,3,Hanging Gardens,3,3,44,55,1,8.5,9,20,1.5,4.5,0.5,0,17,1.774819568,0.256079473,0,3,0,0,0,0,0,0,0,0,0,0,0,0,0,0,0,0,0,0,0,1,0,0,0,0,2,0,0,0,4,4,1,1,4,3,1,11,14.7
PNG,3,Hanging Gardens,3,4,40.5,59,0.5,16,10.5,8.5,3.5,1,1,0,16,1.570196151,0.226555426,0,2,0,0,0,0,0,0,0,0,0,0,2,0,0,2,0,0,0,0,0,1,0,0,0,0,4,0,0,2,5,7,1,3,7,2,5,5.8,20.3
PNG,3,Hanging Gardens,3,5,41.5,55,3.5,18,10,1,4.5,3.5,4.5,0,23,1.716895118,0.247721856,0,1,0,0,0,0,0,0,0,0,0,0,0,0,0,0,0,0,0,0,0,1,0,0,0,0,2,0.389975,0.082965642,0,2,2,1,1,2,1,1,20.8,41.5
PNG,3,Lady Di,4,1,49.5,50.5,0,19,12.5,9.5,6,2.5,0,0,19,2.02620865,0.292351095,0,7,0,0,0,0,0,0,0,1,0,0,0,0,0,0,0,0,0,0,0,2,0,0,2,0,4,1.475435292,0.313893036,3,9,12,2,2,12,8,4,4.1,6.2
PNG,3,Lady Di,4,2,67.5,32.5,0,25.5,12,18.5,8,2,1.5,0,23,2.720224548,0.392487035,0,12,0,3,0,0,0,0,0,0,0,0,0,0,0,0,0,0,0,0,0,2,0,0,0,0,3,0.764204507,0.162581493,3,14,17,2,1,17,15,2,4,4.5
PNG,3,Lady Di,4,3,45.5,54.5,0,12,12,8,11,1.5,1,0,24,1.924379277,0.277658665,0,8,0,0,0,0,0,0,0,2,0,0,1,0,0,0,0,0,0,0,0,3,0,0,0,0,4,1.556656707,0.331172571,3,11,14,2,2,14,10,4,3.3,4.6
PNG,3,Lady Di,4,4,34.5,65,0.5,14.5,9,1,4,2.5,3.5,0,25,1.667860016,0.240646837,0,8,0,0,0,0,0,0,0,0,0,0,0,0,0,0,0,0,0,0,0,0,0,0,0,0,1,0.926176748,0.197040448,0,8,8,1,0,8,8,0,4.3,4.3
PNG,3,Lady Di,4,5,42,58,0,17.5,6,2,13.5,2,1,0,22,1.568589105,0.226323554,0,10,0,1,0,0,0,0,0,0,0,0,0,0,0,0,0,0,0,0,0,3,0,0,2,0,4,0.918295834,0.195363815,3,13,16,2,2,16,11,5,2.6,3.8
PNG,3,Limuka,5,1,26.5,73.5,0,1,15,4.5,2,3,1,0,22,1.024887484,0.147875678,0,1,0,0,0,0,0,0,0,0,0,0,0,0,0,0,0,0,0,0,0,0,0,0,2,0,2,0.389975,0.082965642,2,1,3,1,1,3,1,2,8.8,26.5
PNG,3,Limuka,5,2,14,86,0,1.5,6.5,2,1.5,2,0.5,0,15,0.459647714,0.066320175,0,0,0,0,0,0,0,0,0,0,0,0,4,0,0,0,0,0,0,0,0,0,0,0,2,0,2,0.918295834,0.195363815,6,0,6,0,2,6,0,6,2.3,NA
PNG,3,Limuka,5,3,25.5,74.5,0,4.5,13.5,1.5,3,2.5,0.5,0,21,0.938687396,0.135438316,0,1,0,0,0,0,0,0,0,0,0,0,0,0,0,0,0,0,0,0,0,0,0,0,0,0,1,0,0,0,1,1,1,0,1,1,0,25.5,25.5
PNG,3,Limuka,5,4,27,73,0,3,14.5,3.5,1,2.5,2.5,0,16,1.054662968,0.152171828,0,0,0,0,0,0,0,0,0,0,0,0,0,0,0,0,0,0,0,0,0,0,0,0,0,0,0,0,0,0,0,0,0,0,0,0,0,NA,NA
PNG,3,Limuka,5,5,34,66,0,0,23,4,3.5,2,1.5,0,12,1.072716229,0.154776639,0,2,0,0,0,0,0,0,0,0,0,0,0,0,0,0,0,0,0,0,0,0,0,0,1,0,2,0.389975,0.082965642,1,2,3,1,1,3,2,1,11.3,17
PNG,3,Lubaluba,6,1,32,62,0,14,3,1,10,1.5,2.5,6,17,1.19489905,0.172405762,0,8,0,1,0,0,0,0,0,0,0,0,2,0,0,0,0,0,0,0,0,0,0,0,0,0,3,0,0,3,8,11,2,1,11,9,2,2.9,3.6
PNG,3,Lubaluba,6,2,50,44.5,0,21.5,12,1,12.5,2,1,5.5,18,1.88193686,0.27153487,0,8,0,0,0,0,0,0,0,0,0,0,2,0,0,0,0,0,0,0,0,0,0,0,4,0,3,0.97773279,0.208008793,6,8,14,1,2,14,8,6,3.6,6.3
PNG,3,Lubaluba,6,3,50,48,0,23.5,5.5,2.5,12.5,4,2,2,23,1.955930302,0.282210998,0,13,0,2,0,0,0,0,0,0,0,0,0,0,0,0,0,0,0,0,0,0,0,0,1,0,3,0.311278124,0.066223193,3,13,16,2,1,16,15,1,3.1,3.3
PNG,3,Lubaluba,6,4,44,53,0,19.5,6.5,1.5,13,1,2.5,3,20,1.565817839,0.225923702,0,9,0,1,0,0,0,0,0,3,0,0,0,0,0,0,0,0,0,0,0,0,0,0,4,0,4,1.549161362,0.329577966,8,9,17,3,1,17,13,4,2.6,3.4
PNG,3,Lubaluba,6,5,64,35,0,42,5.5,2.5,11.5,2,0.5,1,18,1.920918785,0.277159369,0,7,0,0,0,0,0,0,0,0,0,0,0,0,0,0,0,0,0,0,0,0,0,0,4,0,2,0,0,4,7,11,1,1,11,7,4,5.8,9.1
PNG,3,Matane Walindi,7,1,18,81,1,2.5,13.5,0,0,1.5,0.5,0,7,0.73774124,0.106444842,0,1,0,0,0,0,0,0,0,0,0,0,0,0,0,1,0,0,0,0,0,0,0,0,0,0,2,1.315258588,0.279816074,0,2,2,1,1,2,1,1,9,18
PNG,3,Matane Walindi,7,2,25,70.5,4.5,2.5,19,0,0.5,1,2,0,9,0.86312652,0.124536031,0,1,0,0,0,0,0,0,0,0,0,0,0,0,0,0,0,0,0,0,0,0,0,0,0,0,1,1.159554752,0.246690697,0,1,1,1,0,1,1,0,25,25
PNG,3,Matane Walindi,7,3,26,73.5,0.5,4.5,19.5,0,0,0,2,0,8,0.947466542,0.136705014,0,0,0,0,0,0,0,0,0,0,0,0,0,0,0,0,0,0,0,0,0,0,0,0,0,0,0,1.33862332,0.284786829,0,0,0,0,0,0,0,0,NA,NA
PNG,3,Matane Walindi,7,4,25.5,74.5,0,0,23,0,0,0.5,2,0,7,0.702557332,0.101368339,0,0,0,0,0,0,0,0,0,0,0,0,0,0,0,0,0,0,0,0,0,0,0,0,0,0,0,0,0,0,0,0,0,0,0,0,0,NA,NA
PNG,3,Matane Walindi,7,5,46.5,53,0,35,11,0,0,0,0.5,0.5,10,1.687917593,0.24354084,0,2,0,1,0,0,0,0,0,0,0,0,0,0,0,0,0,0,0,0,0,0,0,0,0,0,2,1.251614472,0.266276039,1,2,3,2,0,3,3,0,15.5,15.5
PNG,3,No name,8,1,52,48,0,13.5,20.5,4.5,10.5,1,2,0,24,1.729866412,0.249593417,0,5,0,0,0,0,0,0,0,2,0,0,1,0,0,3,0,0,0,0,0,0,0,0,0,0,4,1.691527476,0.359865795,3,8,11,2,2,11,7,4,4.7,7.4
PNG,3,No name,8,2,53,47,0,4.5,29.5,3.5,13.5,1.5,0.5,0,17,1.538387222,0.221965881,0,7,0,0,0,0,0,0,0,0,0,0,2,0,0,0,0,0,0,0,0,0,0,0,0,0,2,0.820802084,0.174622404,2,7,9,1,1,9,7,2,5.9,7.6
PNG,3,No name,8,3,30.5,69.5,0,9.5,5.5,1,12.5,1,1,0,14,1.292801322,0.186531571,0,3,0,0,0,0,0,0,0,2,0,0,2,0,0,0,0,0,0,0,0,0,0,0,0,0,3,1.371321926,0.291743328,4,3,7,2,1,7,5,2,4.4,6.1
PNG,3,No name,8,4,38.5,61.5,0,5.5,8,9.5,6.5,5,4,0,27,1.510258375,0.217907317,0,7,0,0,0,0,0,0,0,0,0,0,0,0,0,1,0,0,0,0,0,0,0,0,3,0,3,1.758213556,0.374052995,3,8,11,1,2,11,7,4,3.5,5.5
PNG,3,No name,8,5,31.5,68.5,0,6.5,8.5,3,11,1,1.5,0,16,1.399637781,0.201946447,0,4,0,0,0,0,0,0,0,0,0,0,0,0,0,0,0,0,0,0,0,0,0,0,2,0,2,1.987468751,0.422826133,2,4,6,1,1,6,4,2,5.3,7.9
PNG,3,Susans,9,1,52.5,47,0,14.5,9,22.5,1.5,1.5,3.5,0.5,20,1.986307829,0.286594013,0,8,0,2,0,0,0,0,0,0,0,0,0,0,0,0,0,0,0,0,0,0,0,0,1,0,3,0.781301471,0.166218805,3,8,11,2,1,11,10,1,4.8,5.3
PNG,3,Susans,9,2,49,50.5,0,11.5,18,8,7.5,1.5,2.5,0.5,19,2.028195407,0.292637754,0,10,0,2,0,0,0,0,0,0,0,0,0,0,0,0,0,0,0,0,0,1,0,0,2,2,5,1.540007324,0.327630481,4,13,17,2,2,17,12,3,2.9,4.1
PNG,3,Susans,9,3,59,40.5,0,36,13,1,6.5,2.5,0,0.5,20,1.910235139,0.275617881,0,9,0,4,0,0,0,0,0,1,0,0,2,0,0,0,0,0,0,0,0,2,0,0,4,0,6,2.050851772,0.436310621,11,11,22,3,3,22,14,8,2.7,4.2
PNG,3,Susans,9,4,51.5,47,0,24.5,8.5,1,11,1.5,5,1.5,24,1.916115698,0.276466356,0,4,0,0,0,0,0,0,0,0,0,0,2,0,0,0,0,0,0,0,0,1,0,0,2,0,4,1.484377779,0.315795514,4,5,9,1,3,9,4,5,5.7,12.9
PNG,3,Susans,9,5,59,41,0,14,6.5,10.5,10,2.5,15.5,0,22,2.218735233,0.320129753,0,5,0,0,0,0,0,0,0,0,0,0,0,0,0,0,0,0,0,0,0,3,0,0,2,0,3,1.485475297,0.316029007,2,8,10,1,2,10,5,5,5.9,11.8
NC,4,Baie de Citron,1,1,48.5,47,4.5,2.5,41.5,2,1.5,1,0,0,8,1.046870961,0.169127728,0,0,0,2,0,0,2,0,0,0,0,1,0,0,0,0,0,0,0,0,0,0,2,0,0,0,4,1.023882466,0.217826954,3,4,7,2,2,7,4,3,6.9,12.1
NC,4,Baie de Citron,1,2,29,70,0,18.5,0,8,1,0.5,1,1,12,1.281289333,0.206999297,0,0,3,6,0,0,3,0,0,1,0,1,0,0,0,0,0,0,0,0,0,0,3,0,0,0,6,1.419556299,0.302005,8,9,17,4,2,17,13,4,1.7,2.2
NC,4,Baie de Citron,1,3,9.5,82.5,3.5,2.5,0.5,3,1.5,2,0,4.5,11,0.361082496,0.058334851,0,0,0,1,1,0,0,0,0,0,0,1,0,1,0,0,0,0,0,0,0,0,0,0,2,0,5,0.528771238,0.112493994,4,2,6,2,3,6,2,4,1.6,4.8
NC,4,Baie de Citron,1,4,45.5,54.5,0,3,36.5,2,0.5,1.5,2,0,12,1.161709847,0.187680577,0,0,0,2,0,0,0,0,0,0,0,0,0,0,0,0,0,0,0,0,0,0,0,1,0,0,2,0.618392729,0.131560613,2,1,3,1,1,3,2,1,15.2,22.8
NC,4,Baie de Citron,1,5,45,55,0,11,22.5,9.5,0,0,2,0,10,1.435581081,0.231925973,0,0,2,5,0,0,3,0,0,0,0,1,0,0,0,0,0,0,0,0,0,0,3,0,0,0,5,1.173015973,0.249554519,6,8,14,3,2,14,10,4,3.2,4.5
NC,4,Ile aux Canards,2,1,55.5,44.5,0,45,0,1,9.5,0,0,0,13,1.99912427,0.322969456,0,0,0,1,0,0,6,0,0,1,0,3,0,0,0,0,1,0,0,0,0,0,2,0,0,0,6,1.315258588,0.279816074,5,9,14,3,3,14,8,6,4,6.9
NC,4,Ile aux Canards,2,2,36,64,0,35.5,0,0,0,0.5,0,0,8,1.071438477,0.173096744,0,0,0,1,1,0,3,0,0,0,0,0,0,0,0,0,0,0,0,0,0,0,0,0,0,0,3,0,0,1,4,5,3,0,5,5,0,7.2,7.2
NC,4,Ile aux Canards,2,3,65.5,32.5,1.5,63.5,0,0,1,1,0,0.5,11,1.65604196,0.267542633,0,0,1,0,0,0,3,0,0,1,0,0,0,0,0,0,0,0,0,0,0,0,1,0,0,0,4,1,0.212746054,1,5,6,3,1,6,5,1,10.9,13.1
NC,4,Ile aux Canards,2,4,91.5,8.5,0,88,0,2.5,0.5,0,0.5,0,13,1.871853468,0.302408162,0,0,0,0,0,0,4,0,0,1,0,0,0,0,0,0,0,0,0,0,0,0,0,0,0,0,2,0.5,0.106373027,1,4,5,2,0,5,5,0,18.3,18.3
NC,4,Ile aux Canards,2,5,78.5,21,0,73,0,1,3,1.5,0,0.5,18,2.221289673,0.358861491,0,0,0,1,0,0,1,0,0,0,0,0,0,0,0,0,0,0,0,0,0,0,0,0,0,0,2,0.389975,0.082965642,1,1,2,2,0,2,2,0,39.3,39.3
NC,4,Ile Nou,3,1,48,49.5,1,7,33.5,2,2.5,0,3,1.5,14,1.511061862,0.244120305,0,0,0,1,0,0,0,0,0,0,0,0,1,0,0,0,0,0,0,0,0,0,0,0,0,0,2,1.401160117,0.298091285,2,0,2,1,1,2,1,1,24,48
NC,4,Ile Nou,3,2,59,40,1,8.5,38.5,1,2,0,9,0,12,1.816334779,0.293438814,0,0,1,1,0,0,1,0,0,0,0,2,0,2,0,0,0,0,0,0,0,0,2,0,0,0,6,0.442179356,0.094071913,3,6,9,3,3,9,3,6,6.6,19.7
NC,4,Ile Nou,3,3,46.5,51,1,16,15.5,4,2,0.5,8.5,1.5,21,1.64775807,0.266204325,0,0,3,7,0,0,3,0,0,0,0,3,0,0,0,0,0,0,0,0,0,0,0,0,0,0,4,0.5,0.106373027,10,6,16,3,1,16,13,3,2.9,3.6
NC,4,Ile Nou,3,4,19.5,79.5,0,8.5,9.5,1.5,0,0,0,1,11,0.715068691,0.115523257,0,0,0,0,3,0,6,0,0,0,0,1,0,0,0,0,0,0,0,0,0,0,0,0,0,0,3,0.257542476,0.054791145,1,9,10,2,1,10,9,1,2,2.2
NC,4,Ile Nou,3,5,20.5,69.5,7,4,14.5,0.5,1,0,0.5,3,11,0.672843232,0.108701503,0,0,0,0,1,0,4,0,0,0,0,0,0,0,0,0,0,0,0,0,0,0,0,0,1,0,3,0,0,1,5,6,2,1,6,5,1,3.4,4.1
NC,4,Ilot Maitre,4,1,48,48.5,0.5,34,0.5,7.5,4.5,1,0.5,3,14,1.519876391,0.245544341,0,0,0,3,1,0,5,0,0,2,0,1,0,0,0,0,0,0,0,0,0,0,4,0,0,0,6,0,0,6,10,16,4,2,16,11,5,3,4.4
NC,4,Ilot Maitre,4,2,55.5,44.5,0,46.5,0,4.5,3.5,1,0,0,15,1.822426042,0.294422891,0,0,0,0,3,0,4,0,0,2,0,0,1,0,0,0,0,0,0,0,0,0,2,0,0,0,5,0.5,0.106373027,3,9,12,3,2,12,9,3,4.6,6.2
NC,4,Ilot Maitre,4,3,79.5,18,0,78,0,0,1.5,0,0,2.5,16,2.368360247,0.382621547,0,0,0,0,0,0,2,0,0,0,0,0,1,0,0,0,0,0,0,0,0,0,2,0,0,0,3,0.442179356,0.094071913,1,4,5,1,2,5,2,3,15.9,39.8
NC,4,Ilot Maitre,4,4,41.5,58.5,0,36,0.5,3.5,1,0.5,0,0,15,1.497141151,0.241871339,0,0,0,0,4,0,11,0,0,1,0,1,0,1,0,0,0,0,0,0,0,0,4,0,0,0,6,0.5,0.106373027,2,20,22,3,3,22,16,6,1.9,2.6
NC,4,Ilot Maitre,4,5,72,28,0,57,0.5,7.5,6,0.5,0.5,0,19,2.517016058,0.406637706,0,0,0,0,0,0,9,0,0,0,0,3,0,1,0,0,0,0,0,0,0,0,3,0,0,0,4,1.872210562,0.398305409,3,13,16,1,3,16,9,7,4.5,8
NC,4,Ilot Nge,5,1,54.5,45,0.5,36,0.5,2.5,8.5,0,7,0,18,2.023284317,0.326872644,0,0,0,0,0,0,0,0,0,1,0,0,0,0,0,0,0,0,0,0,0,0,0,0,1,0,2,1.549161362,0.329577966,2,0,2,1,1,2,1,1,27.3,54.5
NC,4,Ilot Nge,5,2,37,60.5,2.5,20.5,0.5,3.5,4,4.5,4,0,18,1.696226338,0.274034639,0,0,0,0,2,0,0,0,0,3,0,3,1,0,0,0,1,0,0,0,0,0,0,0,0,0,5,1.855147359,0.394675279,7,3,10,2,3,10,5,5,3.7,7.4
NC,4,Ilot Nge,5,3,31,68,1,20.5,0,3,5,0.5,2,0,18,1.35350609,0.218666309,0,0,0,0,3,0,3,0,0,1,0,0,0,0,0,0,0,0,0,0,0,0,0,0,0,0,3,0.528320834,0.112398172,1,6,7,3,0,7,7,0,4.4,4.4
NC,4,Ilot Nge,5,4,45,47.5,6.5,30,0,2.5,8,0.5,4,1,22,1.756152821,0.28371609,0,0,0,2,0,0,0,0,0,0,1,0,1,0,0,0,0,0,0,0,0,0,0,0,0,0,3,0.389975,0.082965642,3,1,4,2,1,4,3,1,11.3,15
NC,4,Ilot Nge,5,5,35.5,64,0.5,22.5,0,1,8.5,2,1.5,0,17,1.585708607,0.256179895,0,0,1,2,0,0,0,0,0,1,0,0,0,0,0,0,0,0,0,0,0,0,0,0,0,0,3,1.884014179,0.400816581,3,1,4,3,0,4,4,0,8.9,8.9
NC,4,Recif du Prony,6,1,17,83,0,5.5,0,7.5,0.5,0,3.5,0,9,0.776980095,0.125525383,0,0,0,2,0,0,2,0,0,0,0,0,0,0,0,0,0,0,0,0,0,0,0,0,0,0,2,1,0.212746054,2,2,4,2,0,4,4,0,4.3,4.3
NC,4,Recif du Prony,6,2,25.5,74.5,0,21.5,0,1,0.5,0,2.5,0,8,0.8043626,0.129949176,0,0,0,1,0,0,0,0,0,0,0,0,0,0,0,0,0,0,0,0,0,0,0,0,0,0,1,0,0,1,0,1,1,0,1,1,0,25.5,25.5
NC,4,Recif du Prony,6,3,51.5,48.5,0,48.5,0,0.5,0,0,2.5,0,7,1.487014345,0.240235298,0,0,0,0,0,0,0,0,0,0,0,2,0,0,0,1,0,0,0,0,0,0,0,0,0,0,2,0.389975,0.082965642,2,1,3,0,2,3,0,3,17.2,NA
NC,4,Recif du Prony,6,4,54.5,45.5,0,53,0,1.5,0,0,0,0,6,1.515047745,0.244764247,0,0,0,2,0,0,0,0,0,0,0,0,0,0,0,0,0,0,0,0,0,0,0,1,0,0,2,0.389975,0.082965642,2,1,3,1,1,3,2,1,18.2,27.3
NC,4,Recif du Prony,6,5,57,43,0,54,0,2.5,0.5,0,0,0,11,1.575766208,0.254573646,0,0,0,1,0,0,0,0,0,1,0,0,0,0,0,0,0,0,0,0,0,0,0,0,0,0,2,0,0,2,0,2,2,0,2,2,0,28.5,28.5
NC,4,Recif Senez,7,1,96,4,0,95.5,0,0.5,0,0,0,0,8,1.442741408,0.233082763,0,0,0,7,0,0,1,0,0,6,0,0,0,0,0,0,0,0,0,0,0,0,0,0,0,0,3,0,0,13,1,14,3,0,14,14,0,6.9,6.9
NC,4,Recif Senez,7,2,92,8,0,90,1,0,1,0,0,0,11,1.066838217,0.172353547,0,0,0,7,0,0,2,0,0,4,0,0,0,0,0,0,0,0,0,0,0,0,0,0,0,0,3,1.506564975,0.320515753,11,2,13,3,0,13,13,0,7.1,7.1
NC,4,Recif Senez,7,3,78,22,0,75,0,2.5,0.5,0,0,0,13,1.800974145,0.29095722,0,0,0,0,0,0,1,0,0,2,1,0,0,0,0,0,0,0,0,0,0,0,1,0,0,0,4,1.047764933,0.222907854,2,3,5,3,1,5,4,1,15.6,19.5
NC,4,Recif Senez,7,4,48.5,37.5,0,47.5,0,1,0,0,0,14,8,1.547893637,0.25007068,0,0,0,2,0,0,1,0,0,13,0,0,0,0,0,0,0,0,0,0,0,0,0,0,0,0,3,0.5,0.106373027,15,1,16,3,0,16,16,0,3,3
NC,4,Recif Senez,7,5,83,17,0,81,0,1.5,0.5,0,0,0,11,1.661104519,0.268360517,0,2,0,0,0,0,1,0,0,12,0,0,3,0,0,0,0,0,0,0,0,0,0,0,0,0,4,0.5,0.106373027,15,3,18,3,1,18,15,3,4.6,5.5
NC,4,Seche Croissant,8,1,70,27,0,53.5,0,14,0.5,0,2,3,19,2.478781106,0.40046064,0,0,0,7,0,0,2,0,0,1,0,0,0,0,0,0,0,0,0,0,0,0,2,0,0,0,4,1.852217001,0.394051857,8,4,12,3,1,12,10,2,5.8,7
NC,4,Seche Croissant,8,2,54,44.5,0,41,0.5,12,0,0,0.5,1.5,17,1.959620698,0.316587438,0,0,0,0,0,0,0,0,0,1,0,0,0,0,0,0,0,0,0,0,0,0,0,0,0,0,1,1.889975,0.402084723,1,0,1,1,0,1,1,0,54,54
NC,4,Seche Croissant,8,3,55.5,43.5,0,46,0,8.5,0,0,1,1,9,1.658510002,0.267941359,0,0,1,4,0,0,2,0,0,1,0,0,0,0,0,0,0,0,0,0,0,0,0,0,0,0,4,1.057542476,0.224987988,5,3,8,4,0,8,8,0,6.9,6.9
NC,4,Seche Croissant,8,4,57.5,35.5,0,38,0,19.5,0,0,0,7,14,2.075554681,0.335317207,0,0,0,2,0,0,1,0,0,0,0,0,0,0,0,0,0,0,0,0,0,0,1,0,0,0,3,1.39433877,0.296640071,2,2,4,2,1,4,3,1,14.4,19.2
NC,4,Seche Croissant,8,5,58.5,38.5,0.5,41.5,0,17,0,0,0,2.5,14,2.390578322,0.386210998,0,0,0,0,1,0,4,0,0,0,0,1,0,0,0,0,0,0,0,0,0,0,0,0,0,0,3,1.372556249,0.292005925,1,5,6,2,1,6,5,1,9.8,11.7
NC,4,Vallon Dore,9,1,55,45,0,24,2,25.5,1,1,1.5,0,17,1.850950807,0.299031223,0,0,0,1,0,0,0,0,0,0,0,0,0,0,0,0,0,0,0,0,0,0,1,1,0,0,3,0,0,1,2,3,1,2,3,1,2,18.3,55
NC,4,Vallon Dore,9,2,43,56,0.5,17.5,0.5,23.5,1,0.5,0,0.5,15,1.640787337,0.265078165,0,0,0,0,0,0,2,0,0,0,0,1,0,0,0,0,0,0,0,0,0,0,0,1,0,0,3,1.446616668,0.307761987,1,3,4,1,2,4,2,2,10.8,21.5
NC,4,Vallon Dore,9,3,49,50,1,18,1.5,26,1,1,1.5,0,16,1.892013049,0.305665052,0,0,0,0,1,0,3,0,0,0,0,0,0,0,0,0,0,0,0,0,0,0,0,1,0,0,3,1.880240815,0.400013813,0,5,5,2,1,5,4,1,9.8,12.3
NC,4,Vallon Dore,9,4,31.5,68.5,0,17,1.5,12.5,0,0,0.5,0,13,1.357612466,0.219329717,0,0,0,0,0,0,2,0,0,0,0,1,0,1,0,0,0,0,0,0,0,0,0,0,0,0,3,0.963269035,0.204931686,1,3,4,1,2,4,2,2,7.9,15.8
NC,4,Vallon Dore,9,5,60,39.5,0,17.5,10,28.5,2,1,1,0.5,19,2.129125985,0.343971944,0,0,2,2,1,0,4,0,0,0,0,0,0,0,0,0,0,0,0,0,0,0,2,0,0,0,5,0.389975,0.082965642,2,9,11,4,1,11,9,2,5.5,6.7
FP,5,Cooks Bay Passe,1,1,0.5,96,0,0,0,0.5,0,0,0,3.5,1,0,0,0,0,0,0,0,0,0,0,0,0,0,0,3,0,0,0,0,2,0,2,0,0,0,0,0,0,3,2.199965027,0.468033877,3,4,7,0,3,7,0,7,0.1,NA
FP,5,Cooks Bay Passe,1,2,3,92,0,0,0,0,3,0,0,5,2,0.1,0.029269294,0,0,0,0,0,0,0,0,0,0,0,0,1,0,0,0,0,0,0,0,0,0,0,0,0,0,1,2.223308334,0.473000074,1,0,1,0,1,1,0,1,3,NA
FP,5,Cooks Bay Passe,1,3,3,95,0,0,1.5,0,1.5,0,0,2,3,0.6,0.12863813,0,0,0,0,0,0,0,0,2,0,0,0,3,0,0,0,0,0,0,0,0,0,0,0,0,0,2,2.128085279,0.452741745,3,2,5,1,1,5,2,3,0.6,1.5
FP,5,Cooks Bay Passe,1,4,1.5,97.5,0,0,0,0,1.5,0,0,1,1,0.1,0.019335086,0,0,0,0,0,0,0,0,0,0,0,0,0,0,0,0,0,2,0,0,0,0,0,0,0,0,1,2.202819531,0.468641162,0,2,2,0,1,2,0,2,0.8,NA
FP,5,Cooks Bay Passe,1,5,25.5,69,0,0,25,0.5,0,0,0,5.5,2,0.2,0.033999539,0,0,0,0,0,2,0,0,0,0,0,0,0,1,0,0,0,9,0,3,0,0,0,0,1,0,5,1.910051892,0.406356002,1,15,16,1,4,16,2,14,1.6,12.8
FP,5,Motu Ahi,2,1,34,66,0,0,17.5,16.5,0,0,0,0,2,1,0.222692026,0,0,0,4,0,2,0,0,2,0,4,0,4,1,0,0,0,0,0,0,0,0,0,0,0,0,6,0.872180556,0.185552971,8,9,17,4,2,17,12,5,2,2.8
FP,5,Motu Ahi,2,2,25.5,74.5,0,0,13.5,11,1,0,0,0,4,1,0.21221597,0,0,0,3,0,2,0,0,1,0,2,0,2,0,0,0,0,2,0,0,0,0,0,0,0,0,6,1.538847223,0.327383674,5,7,12,4,2,12,8,4,2.1,3.2
FP,5,Motu Ahi,2,3,26.5,73.5,0,0,9,13.5,2.5,0.5,1,0,6,1.2,0.259880665,0,0,0,2,0,0,0,0,0,0,2,0,6,0,0,0,0,2,0,0,0,0,0,0,2,0,5,1.365087679,0.290417017,10,4,14,2,3,14,4,10,1.9,6.6
FP,5,Motu Ahi,2,4,43,57,0,0,22,19.5,0.5,0,1,0,4,1,0.214216233,0,0,0,4,0,0,0,0,0,1,2,0,4,0,0,0,0,0,0,3,0,0,0,0,2,0,6,1.914246535,0.407248396,11,5,16,3,3,16,7,9,2.7,6.1
FP,5,Motu Ahi,2,5,24,76,0,0.5,11.5,9.5,2.5,0,0,0,6,0.8,0.173244257,0,0,0,3,0,2,0,0,0,0,4,1,4,0,0,0,0,0,0,0,0,0,0,0,0,0,5,1.061278124,0.225782733,8,6,14,3,2,14,9,5,1.7,2.7
FP,5,Rudys,3,1,47.5,43.5,0,0,45.5,0,1,0,1,9,3,0.6,0.138239222,0,0,0,4,0,0,0,0,1,1,0,0,8,0,0,0,0,0,0,3,0,0,0,0,0,0,5,1.530639062,0.32563742,13,4,17,3,2,17,6,11,2.8,7.9
FP,5,Rudys,3,2,49,31.5,0,0,48,0,0,0,1,19.5,4,0.6,0.123051086,0,0,0,6,0,2,0,0,1,0,0,0,3,0,0,0,0,1,0,2,0,0,0,0,1,0,7,2.155462691,0.458566181,10,6,16,3,4,16,9,7,3.1,5.4
FP,5,Rudys,3,3,30,55,0,0,29,0,0,0,1,15,4,0.8,0.177691294,0,0,0,5,0,4,0,0,2,0,0,0,8,0,0,0,0,0,0,0,0,0,0,0,2,0,5,1.028320834,0.218771199,15,6,21,3,2,21,11,10,1.4,2.7
FP,5,Rudys,3,4,46,33,0,0,45,0,1,0,0,21,3,0.7,0.139141011,0,0,0,2,0,2,0,0,1,0,0,0,4,0,0,0,0,1,0,0,0,0,0,0,0,0,5,1.056641667,0.224796345,6,4,10,3,2,10,5,5,4.6,9.2
FP,5,Rudys,3,5,20.5,69.5,0,0,20.5,0,0,0,0,10,3,0.6,0.124744431,0,0,0,8,0,4,0,0,1,0,0,0,8,0,0,0,0,0,0,1,0,0,0,0,0,0,5,1.468861263,0.312494437,16,6,22,3,2,22,13,9,0.9,1.6
FP,5,Temea inner crest,4,1,28,72,0,0.5,21.5,3.5,2.5,0,0,0,5,0.6,0.12424561,0,0,0,4,0,0,0,0,0,1,1,0,0,0,0,0,0,0,0,0,0,0,0,0,2,0,4,1.494918848,0.318038085,7,1,8,3,1,8,6,2,3.5,4.7
FP,5,Temea inner crest,4,2,21,79,0,0,18,1.5,1.5,0,0,0,3,0.8,0.172498432,0,0,0,2,0,0,0,0,0,0,0,0,7,0,0,0,0,0,0,0,0,0,0,0,0,0,2,1.549161362,0.329577966,9,0,9,1,1,9,2,7,2.3,10.5
FP,5,Temea inner crest,4,3,18,82,0,0,14,3,0.5,0.5,0,0,6,0.8,0.174162104,0,0,0,0,0,0,0,0,0,0,0,0,2,0,0,0,0,0,0,0,0,0,0,0,1,0,2,2.251629167,0.479025219,3,0,3,0,2,3,0,3,6,NA
FP,5,Temea inner crest,4,4,32.5,67.5,0,0.5,21.5,6.5,3,0.5,0.5,0,7,0.9,0.20066629,0,0,0,2,0,0,0,0,2,1,0,0,2,0,0,0,0,0,0,0,0,0,0,0,2,0,5,1.812446222,0.385590781,7,2,9,3,2,9,5,4,3.6,6.5
FP,5,Temea inner crest,4,5,32,68,0,1.5,19,5,4,0,2.5,0,9,0.9,0.189753219,0,0,0,2,0,2,0,0,2,2,0,0,6,0,0,0,0,0,0,0,0,0,0,0,0,0,5,1.780639062,0.378823933,10,4,14,4,1,14,8,6,2.3,4
FP,5,Temea lagoon,5,1,37.5,62.5,0,9,17,10.5,1,0,0,0,6,1.5,0.310150855,0,0,0,6,0,0,0,0,0,1,5,0,2,0,0,0,0,0,0,0,0,0,0,0,0,0,4,2.01472727,0.428625276,9,5,14,3,1,14,12,2,2.7,3.1
FP,5,Temea lagoon,5,2,35,65,0,4.5,17,13,0.5,0,0,0,5,1.5,0.318503999,0,0,0,6,0,0,0,0,0,2,0,0,3,0,0,0,0,0,0,0,0,0,0,0,1,0,4,1.965498735,0.418152099,12,0,12,2,2,12,8,4,2.9,4.4
FP,5,Temea lagoon,5,3,31,69,0,2,11.5,15,1,0,1.5,0,8,0.8,0.175192192,0,0,0,2,0,0,0,0,0,1,0,2,2,0,0,0,0,0,0,2,0,0,0,2,0,0,6,2.385709125,0.507550201,7,4,11,2,4,11,3,8,2.8,10.3
FP,5,Temea lagoon,5,4,43.5,56.5,0,6,27.5,9,1,0,0,0,6,1.2,0.264907558,0,0,0,10,0,0,0,0,0,1,2,0,4,1,0,0,0,0,0,0,0,0,0,2,1,0,7,3.378928032,0.718853604,16,5,21,3,4,21,13,8,2.1,3.3
FP,5,Temea lagoon,5,5,40,60,0,5,27.5,7.5,0,0,0,0,5,1.2,0.246430433,0,0,0,4,0,2,0,0,0,2,2,0,6,0,0,0,0,0,0,2,0,0,0,0,0,0,6,2.699019984,0.57420585,12,6,18,4,2,18,10,8,2.2,4
FP,5,Tiahura flat zone 1,6,1,53,43.5,0,1,41.5,5.5,4.5,0,0.5,3.5,6,1.1,0.232418657,0,0,0,6,0,0,0,0,1,0,0,0,2,0,0,0,0,0,0,0,0,0,0,0,0,0,3,1.444532654,0.307318621,8,1,9,2,1,9,7,2,5.9,7.6
FP,5,Tiahura flat zone 1,6,2,31,68,0,0,20.5,9.5,1,0,0,1,4,1.1,0.225173075,0,0,0,2,0,3,0,0,1,0,0,0,3,0,0,0,0,0,0,0,0,0,0,0,0,0,4,1.733458593,0.368786475,5,4,9,3,1,9,6,3,3.4,5.2
FP,5,Tiahura flat zone 1,6,3,51,49,0,17,26,5,2,0,1,0,6,1.3,0.281015266,0,0,0,2,0,3,0,0,0,1,0,0,7,0,0,0,0,0,0,0,1,0,0,0,1,0,6,2.125191686,0.452126144,11,4,15,3,3,15,6,9,3.4,8.5
FP,5,Tiahura flat zone 1,6,4,29,69.5,0,4,18.5,3.5,1,0,2,1.5,6,0.9,0.187432493,0,0,0,2,0,2,0,0,1,0,0,0,3,0,0,0,0,0,0,0,0,0,0,0,2,0,5,1.457542476,0.31008641,7,3,10,3,2,10,5,5,2.9,5.8
FP,5,Tiahura flat zone 1,6,5,23,74,0,6,6,8.5,1.5,0,1,3,7,0.9,0.200033218,0,0,0,0,0,1,0,0,0,0,0,0,3,0,0,0,0,0,0,0,0,0,0,1,3,0,4,1.508574199,0.320943207,6,2,8,1,3,8,1,7,2.9,23
FP,5,Tiahura inner crest zone 3,7,1,17.5,82.5,0,0,16,0,1.5,0,0,0,5,0.6,0.129993508,0,0,0,0,0,2,0,0,2,1,2,1,0,1,0,0,0,2,0,0,0,0,0,3,1,0,9,1,0.212746054,3,12,15,4,5,15,7,8,1.2,2.5
FP,5,Tiahura inner crest zone 3,7,2,22,78,0,0,17,1.5,3.5,0,0,0,5,0.9,0.187447628,0,0,0,0,0,2,0,0,0,0,4,0,2,0,0,0,0,17,0,0,0,0,0,3,2,0,6,0.764204507,0.162581493,4,26,30,2,4,30,6,24,0.7,3.7
FP,5,Tiahura inner crest zone 3,7,3,13,87,0,0,8,0,5,0,0,0,5,0.6,0.117572301,0,0,0,2,0,3,0,0,0,2,1,2,2,0,0,0,0,4,0,1,0,0,0,0,0,0,8,0.389975,0.082965642,8,9,17,4,4,17,8,9,0.8,1.6
FP,5,Tiahura inner crest zone 3,7,4,7,93,0,0,6.5,0,0.5,0,0,0,4,0.2,0.04896209,0,0,0,2,0,3,0,0,2,4,3,2,5,2,0,0,0,3,0,0,0,0,0,4,2,0,11,1.928822224,0.410349316,15,17,32,5,6,32,14,18,0.2,0.5
FP,5,Tiahura inner crest zone 3,7,5,32,68,0,0,31,0.5,0.5,0,0,0,4,0.6,0.134196154,0,0,0,2,0,0,0,0,2,0,5,0,5,2,0,0,0,0,0,0,0,0,0,3,3,0,7,2.128085279,0.452741745,10,12,22,3,4,22,9,13,1.5,3.6
FP,5,Viapahu flat zone 1,8,1,20.5,78,0,0.5,19,0,1,0,0,1.5,6,0.6,0.136906249,0,0,0,2,0,1,0,0,2,0,0,0,3,0,0,0,0,0,0,0,0,0,0,0,0,0,4,1.455442751,0.309639701,5,3,8,3,1,8,5,3,2.6,4.1
FP,5,Viapahu flat zone 1,8,2,25,75,0,0.5,22,2,0.5,0,0,0,7,0.8,0.162100849,0,0,0,2,0,2,0,0,2,0,1,0,5,0,0,0,0,0,0,0,0,0,0,0,3,0,6,1.430827083,0.304402815,10,5,15,4,2,15,7,8,1.7,3.6
FP,5,Viapahu flat zone 1,8,3,10,90,0,0,9,0,1,0,0,0,4,0.4,0.076151824,0,0,0,2,0,0,0,0,3,0,0,0,0,0,0,0,0,0,0,0,0,0,0,0,1,0,3,2.235846926,0.47566761,3,3,6,2,1,6,5,1,1.7,2
FP,5,Viapahu flat zone 1,8,4,33,66.5,0,0,29.5,0.5,3,0,0,0.5,7,1.2,0.250224773,0,0,0,0,0,0,0,0,1,0,2,0,2,0,0,0,0,0,0,0,0,0,0,0,1,0,4,1.611544412,0.342849714,3,3,6,2,2,6,3,3,5.5,11
FP,5,Viapahu flat zone 1,8,5,20.5,79.5,0,0,19.5,0,1,0,0,0,4,0.6,0.126253749,0,0,0,0,0,2,0,0,5,1,1,0,4,0,0,0,0,0,0,0,0,0,0,0,0,0,5,2.419381946,0.514713961,5,8,13,4,1,13,9,4,1.6,2.3
FP,5,Viapahu inner crest zone 3,9,1,13.5,86,0,0.5,11.5,0,1.5,0,0,0.5,5,0.5,0.112164953,0,0,0,0,0,4,0,0,2,0,0,0,5,0,0,0,0,0,0,0,0,0,0,0,0,0,5,1.556656707,0.331172571,5,6,11,3,2,11,6,5,1.2,2.3
FP,5,Viapahu inner crest zone 3,9,2,12.5,86.5,0,0,11,1,0.5,0,0,1,5,0.9,0.18544689,0,0,0,2,0,2,0,0,2,0,1,0,0,0,0,0,0,0,0,0,0,0,0,0,0,0,5,0,0,2,5,7,4,1,7,7,0,1.8,1.8
FP,5,Viapahu inner crest zone 3,9,3,11.5,84,0,0,11,0,0.5,0,0,4.5,3,0.4,0.095639981,0,0,0,0,0,2,0,0,2,0,2,0,4,0,0,0,0,0,0,0,0,0,0,0,2,0,5,0.970950594,0.206565907,6,6,12,3,2,12,6,6,1,1.9
FP,5,Viapahu inner crest zone 3,9,4,11.5,85,0,0,9.5,0,2,0,0,3.5,4,0.9,0.185025084,0,0,0,4,0,0,0,0,2,1,0,0,6,0,0,0,0,2,0,0,0,0,0,0,0,0,7,0,0,11,4,15,4,3,15,7,8,0.8,1.6
FP,5,Viapahu inner crest zone 3,9,5,14.5,83.5,0,1,7,0.5,6,0,0,2,7,0.6,0.12757053,0,0,0,3,0,2,0,0,0,0,3,0,8,0,0,0,0,0,0,0,0,0,0,0,0,0,5,1.294736718,0.275450127,11,5,16,3,2,16,8,8,0.9,1.8